{"cameraMode":{"drawMode":0,"name":"Shaded","section":"Shading Mode"},"sceneLighting":true,"audioPlay":false,"sceneViewState":{"showFog":false,"showMaterialUpdate":false,"showSkybox":true,"showFlares":false,"showImageEffects":false,"showParticleSystems":false},"in2DMode":false,"pivot":{"x":67.16476440429688,"y":18.26335906982422,"z":-18.777130126953126},"rotation":{"x":-0.04887716472148895,"y":0.9176547527313232,"z":-0.11932895332574845,"w":-0.375874400138855},"size":230.091552734375,"orthographic":false}