{"cameraMode":{"drawMode":0,"name":"Shaded","section":"Shading Mode"},"sceneLighting":true,"audioPlay":false,"sceneViewState":{"showFog":true,"showMaterialUpdate":false,"showSkybox":true,"showFlares":true,"showImageEffects":true,"showParticleSystems":true},"in2DMode":false,"pivot":{"x":124.02330780029297,"y":28.477914810180665,"z":84.53948974609375},"rotation":{"x":0.11570307612419129,"y":0.5094321370124817,"z":-0.06935515999794007,"w":0.8498715162277222},"size":95.15709686279297,"orthographic":false}