{"cameraMode":{"drawMode":0,"name":"Shaded","section":"Shading Mode"},"sceneLighting":false,"audioPlay":false,"sceneViewState":{"showFog":true,"showMaterialUpdate":false,"showSkybox":true,"showFlares":true,"showImageEffects":true,"showParticleSystems":true},"in2DMode":false,"pivot":{"x":0.8894371390342712,"y":0.5373104810714722,"z":0.36090517044067385},"rotation":{"x":0.2025265097618103,"y":0.05871189013123512,"z":-0.012165316380560398,"w":0.9774395227432251},"size":12.777865409851075,"orthographic":false}